{
    "USD/TRY": 43.962100982666016,
    "Alt\u0131n (Gram)": 7622.679476675938,
    "Bitcoin": 66204.4921875
}