{
    "USD/TRY": 44.200401306152344,
    "Alt\u0131n (Gram)": 7129.39022927935,
    "Bitcoin": 74046.703125
}