{
    "USD/TRY": 45.515499114990234,
    "Alt\u0131n (Gram)": 6675.6844396225815,
    "Bitcoin": 78129.5
}