{
    "USD/TRY": 44.7317008972168,
    "Alt\u0131n (Gram)": 6976.146025227399,
    "Bitcoin": 74921.7890625
}