{
    "USD/TRY": 43.851200103759766,
    "Alt\u0131n (Gram)": 7313.585305134592,
    "Bitcoin": 63229.88671875
}