{
    "USD/TRY": 45.89849853515625,
    "Alt\u0131n (Gram)": 6680.784067030608,
    "Bitcoin": 75761.3125
}