{
    "USD/TRY": 43.49679946899414,
    "Bitcoin": 76315.3359375
}