{
    "USD/TRY": 43.713401794433594,
    "Alt\u0131n (Gram)": 6904.113244977415,
    "Bitcoin": 68402.9609375
}