{
    "USD/TRY": 44.5880012512207,
    "Alt\u0131n (Gram)": 6668.09483884621,
    "Bitcoin": 66764.234375
}