{
    "USD/TRY": 44.29050064086914,
    "Alt\u0131n (Gram)": 6514.527530878133,
    "Bitcoin": 69190.2578125
}