{
    "USD/TRY": 45.37699890136719,
    "Alt\u0131n (Gram)": 6826.93800887192,
    "Bitcoin": 80828.640625
}