{
    "USD/TRY": 45.903900146484375,
    "Altin (Gram)": 4540.39990234375,
    "Bitcoin": 72645.3671875
}