{
    "USD/TRY": 43.84000015258789,
    "Alt\u0131n (Gram)": 7105.649981730072,
    "Bitcoin": 67786.03125
}