{
    "USD/TRY": 45.05459976196289,
    "Alt\u0131n (Gram)": 6643.864248977839,
    "Bitcoin": 77057.3984375
}