{
    "USD/TRY": 43.717899322509766,
    "Alt\u0131n (Gram)": 7050.017872046306,
    "Bitcoin": 68438.203125
}