{
    "USD/TRY": 45.598899841308594,
    "Alt\u0131n (Gram)": 6642.2412981346815,
    "Bitcoin": 77839.796875
}