{
    "USD/TRY": 44.11280059814453,
    "Alt\u0131n (Gram)": 7320.624735583583,
    "Bitcoin": 69511.75
}