{
    "USD/TRY": 44.8916015625,
    "Alt\u0131n (Gram)": 6924.363883170558,
    "Bitcoin": 75980.0
}