{
    "USD/TRY": 44.92210006713867,
    "Alt\u0131n (Gram)": 6915.635956649007,
    "Bitcoin": 78104.2421875
}