{
    "USD/TRY": 43.670501708984375,
    "Alt\u0131n (Gram)": 7085.197622282154,
    "Bitcoin": 70445.3984375
}