{
    "USD/TRY": 44.45800018310547,
    "Alt\u0131n (Gram)": 6374.645314302589,
    "Bitcoin": 68648.359375
}