{
    "USD/TRY": 44.57929992675781,
    "Alt\u0131n (Gram)": 6740.176586958331,
    "Bitcoin": 66810.8671875
}