{
    "USD/TRY": 45.41270065307617,
    "Alt\u0131n (Gram)": 6872.022988843755,
    "Bitcoin": 81042.8828125
}