{
    "USD/TRY": 44.45555114746094,
    "Alt\u0131n (Gram)": 6420.317191132654,
    "Bitcoin": 66401.296875
}