{
    "USD/TRY": 44.06890106201172,
    "Alt\u0131n (Gram)": 7265.733304602566,
    "Bitcoin": 70426.765625
}