{
    "USD/TRY": 44.182098388671875,
    "Alt\u0131n (Gram)": 7119.193405083981,
    "Bitcoin": 73717.8828125
}