{
    "USD/TRY": 44.18450164794922,
    "Alt\u0131n (Gram)": 7243.59627270084,
    "Bitcoin": 71317.5390625
}