{
    "USD/TRY": 44.49399948120117,
    "Alt\u0131n (Gram)": 6611.836790139752,
    "Bitcoin": 66587.3671875
}