{
    "USD/TRY": 46.04800033569336,
    "Bitcoin": 62483.0390625
}