{
    "USD/TRY": 43.823001861572266,
    "Alt\u0131n (Gram)": 7158.689082542881,
    "Bitcoin": 68128.28125
}