{
    "USD/TRY": 43.12889862060547,
    "Alt\u0131n (Gram)": 6226.36311194855,
    "Bitcoin": 90459.765625
}