{
    "USD/TRY": 44.8473014831543,
    "Alt\u0131n (Gram)": 7004.043148333454,
    "Bitcoin": 77145.0
}