{
    "USD/TRY": 45.17539978027344,
    "Alt\u0131n (Gram)": 6676.491998863172,
    "Bitcoin": 77105.0
}