{
    "USD/TRY": 44.582401275634766,
    "Alt\u0131n (Gram)": 6667.257367615063,
    "Bitcoin": 66910.4296875
}