{
    "USD/TRY": 44.35169982910156,
    "Alt\u0131n (Gram)": 6491.730929740655,
    "Bitcoin": 71179.1015625
}