{
    "USD/TRY": 43.7333984375,
    "Alt\u0131n (Gram)": 6996.556356197856,
    "Bitcoin": 66061.6015625
}