{
    "USD/TRY": 44.65800094604492,
    "Alt\u0131n (Gram)": 6873.686542285033,
    "Bitcoin": 71667.7109375
}