{
    "USD/TRY": 45.70690155029297,
    "Alt\u0131n (Gram)": 6643.654312500988,
    "Bitcoin": 74521.140625
}