{
    "USD/TRY": 43.49599838256836,
    "Alt\u0131n (Gram)": 6826.42519666621,
    "Bitcoin": 78445.625
}