{
    "USD/TRY": 43.60929870605469,
    "Alt\u0131n (Gram)": 6941.931559819927,
    "Bitcoin": 70107.53125
}