{
    "USD/TRY": 44.194801330566406,
    "Alt\u0131n (Gram)": 7129.907865055399,
    "Bitcoin": 74004.0859375
}