{
    "USD/TRY": 45.22959899902344,
    "Alt\u0131n (Gram)": 6914.188020978711,
    "Bitcoin": 81567.40625
}