{
    "USD/TRY": 43.609100341796875,
    "Alt\u0131n (Gram)": 6824.82763197605,
    "Bitcoin": 65466.5078125
}