{
    "USD/TRY": 44.43299865722656,
    "Alt\u0131n (Gram)": 6463.20212022988,
    "Bitcoin": 66642.9140625
}