{
    "USD/TRY": 45.955841064453125,
    "Altin (Gram)": 4491.39990234375,
    "Bitcoin": 67126.6875
}