{
    "USD/TRY": 44.08100128173828,
    "Alt\u0131n (Gram)": 7273.963993715232,
    "Bitcoin": 67326.3984375
}