{
    "USD/TRY": 45.34479904174805,
    "Alt\u0131n (Gram)": 6881.720223398153,
    "Bitcoin": 80252.828125
}