{
    "USD/TRY": 43.72809982299805,
    "Alt\u0131n (Gram)": 7060.379613583557,
    "Bitcoin": 68847.171875
}