{
    "USD/TRY": 45.36119842529297,
    "Alt\u0131n (Gram)": 6903.022220870003,
    "Bitcoin": 79312.5703125
}