{
    "USD/TRY": 43.63479995727539,
    "Alt\u0131n (Gram)": 7129.207899447336,
    "Bitcoin": 66949.140625
}