{
    "USD/TRY": 43.646610260009766,
    "Alt\u0131n (Gram)": 7119.35017701446,
    "Bitcoin": 67170.6015625
}