{
    "USD/TRY": 43.982601165771484,
    "Alt\u0131n (Gram)": 7286.715122324512,
    "Bitcoin": 68113.75
}