{
    "USD/TRY": 45.588600158691406,
    "Alt\u0131n (Gram)": 6568.416682982555,
    "Bitcoin": 77423.359375
}