{
    "USD/TRY": 43.83829879760742,
    "Alt\u0131n (Gram)": 7130.744017379635,
    "Bitcoin": 67879.5078125
}