{
    "USD/TRY": 44.87200164794922,
    "Alt\u0131n (Gram)": 6943.990122269556,
    "Bitcoin": 74917.3203125
}