{
    "USD/TRY": 45.924400329589844,
    "Altin (Gram)": 4555.7001953125,
    "Bitcoin": 69300.71875
}