{
    "USD/TRY": 43.751800537109375,
    "Alt\u0131n (Gram)": 7067.019656901554,
    "Bitcoin": 67110.6328125
}