{
    "USD/TRY": 44.56629943847656,
    "Alt\u0131n (Gram)": 6788.073483363053,
    "Bitcoin": 71041.046875
}