{
    "USD/TRY": 43.49679946899414,
    "Alt\u0131n (Gram)": 7086.663279345663,
    "Bitcoin": 78693.8828125
}