{
    "USD/TRY": 43.9203987121582,
    "Alt\u0131n (Gram)": 7385.845498543363,
    "Bitcoin": 64698.48828125
}