{
    "USD/TRY": 43.954898834228516,
    "Alt\u0131n (Gram)": 7363.948688823148,
    "Bitcoin": 67650.2421875
}