{
    "USD/TRY": 44.745201110839844,
    "Alt\u0131n (Gram)": 6953.427413932334,
    "Bitcoin": 73977.0625
}