{
    "USD/TRY": 44.34189987182617,
    "Alt\u0131n (Gram)": 6250.791663583605,
    "Bitcoin": 70482.3671875
}