{
    "USD/TRY": 44.317901611328125,
    "Alt\u0131n (Gram)": 6864.369833962559,
    "Bitcoin": 70630.1328125
}