{
    "USD/TRY": 44.36330032348633,
    "Alt\u0131n (Gram)": 6326.591724218489,
    "Bitcoin": 70064.203125
}