{
    "USD/TRY": 43.83100128173828,
    "Alt\u0131n (Gram)": 7293.588242308269,
    "Bitcoin": 65677.6015625
}