{
    "USD/TRY": 44.2942008972168,
    "Alt\u0131n (Gram)": 6515.0717880325865,
    "Bitcoin": 70741.09375
}