{
    "USD/TRY": 43.12889862060547,
    "Altin (Gram)": 4490.2998046875,
    "Bitcoin": 90326.0390625
}