{
    "USD/TRY": 43.49679946899414,
    "Alt\u0131n (Gram)": 6592.169973448556,
    "Bitcoin": 83840.421875
}