{
    "USD/TRY": 44.06549835205078,
    "Alt\u0131n (Gram)": 7346.209269000154,
    "Bitcoin": 70154.796875
}