{
    "USD/TRY": 44.60309982299805,
    "Alt\u0131n (Gram)": 6707.063916855519,
    "Bitcoin": 68553.234375
}