{
    "USD/TRY": 44.06529998779297,
    "Alt\u0131n (Gram)": 7308.49170201204,
    "Bitcoin": 67141.265625
}