{
    "USD/TRY": 45.70690155029297,
    "Alt\u0131n (Gram)": 6646.887521321213,
    "Bitcoin": 76650.1484375
}