{
    "USD/TRY": 45.02389907836914,
    "Alt\u0131n (Gram)": 6844.067699663833,
    "Bitcoin": 77635.0
}