{
    "USD/TRY": 43.861209869384766,
    "Alt\u0131n (Gram)": 7348.393737983314,
    "Bitcoin": 65094.26171875
}