{
    "USD/TRY": 45.71620178222656,
    "Alt\u0131n (Gram)": 6648.239999688551,
    "Bitcoin": 77490.0
}