{
    "USD/TRY": 44.65800094604492,
    "Alt\u0131n (Gram)": 6837.073973791966,
    "Bitcoin": 72749.2890625
}