{
    "USD/TRY": 43.37944030761719,
    "Alt\u0131n (Gram)": 7071.447512953992,
    "Bitcoin": 87667.296875
}