{
    "USD/TRY": 45.007999420166016,
    "Alt\u0131n (Gram)": 6860.270389369448,
    "Bitcoin": 78026.1328125
}