{
    "USD/TRY": 43.529998779296875,
    "Alt\u0131n (Gram)": 6909.981502883056,
    "Bitcoin": 70688.8515625
}