{
    "USD/TRY": 46.041500091552734,
    "Altin (Gram)": 4337.10009765625,
    "Bitcoin": 61007.8984375
}