{
    "USD/TRY": 44.15800094604492,
    "Alt\u0131n (Gram)": 7186.154677550923,
    "Bitcoin": 71409.25
}