{
    "USD/TRY": 43.91299819946289,
    "Alt\u0131n (Gram)": 7409.166780670425,
    "Bitcoin": 67140.7109375
}