{
    "USD/TRY": 45.87990188598633,
    "Altin (Gram)": 4541.89990234375,
    "Bitcoin": 73545.03125
}