{
    "USD/TRY": 44.542938232421875,
    "Alt\u0131n (Gram)": 6953.644934854405,
    "Bitcoin": 71712.5703125
}