{
    "USD/TRY": 43.9901008605957,
    "Alt\u0131n (Gram)": 7286.260164348076,
    "Bitcoin": 72360.3125
}