{
    "USD/TRY": 43.355499267578125,
    "Alt\u0131n (Gram)": 6941.2570344375945,
    "Bitcoin": 88580.4765625
}