{
    "USD/TRY": 45.14099884033203,
    "Alt\u0131n (Gram)": 6668.490789535211,
    "Bitcoin": 79699.9921875
}