{
    "USD/TRY": 43.609901428222656,
    "Alt\u0131n (Gram)": 7086.54361436634,
    "Bitcoin": 68805.0390625
}