{
    "USD/TRY": 44.92311096191406,
    "Alt\u0131n (Gram)": 6829.277524564499,
    "Bitcoin": 78161.109375
}