{
    "USD/TRY": 44.30030059814453,
    "Alt\u0131n (Gram)": 6668.083204871983,
    "Bitcoin": 70474.3203125
}