{
    "USD/TRY": 44.69960021972656,
    "Alt\u0131n (Gram)": 6915.224116392949,
    "Bitcoin": 74746.8671875
}