{
    "USD/TRY": 44.31209945678711,
    "Alt\u0131n (Gram)": 5982.742332260946,
    "Bitcoin": 67809.6640625
}