{
    "USD/TRY": 44.9900016784668,
    "Alt\u0131n (Gram)": 6830.622796119859,
    "Bitcoin": 77555.609375
}