{
    "USD/TRY": 45.34049987792969,
    "Alt\u0131n (Gram)": 6896.082808304157,
    "Bitcoin": 80767.34375
}