{
    "USD/TRY": 44.638099670410156,
    "Alt\u0131n (Gram)": 6835.617500514394,
    "Bitcoin": 70699.671875
}