{
    "USD/TRY": 45.74089050292969,
    "Alt\u0131n (Gram)": 6652.565637367843,
    "Bitcoin": 77244.3125
}