{
    "USD/TRY": 45.18009948730469,
    "Alt\u0131n (Gram)": 6689.533439794432,
    "Bitcoin": 76103.4765625
}