{
    "USD/TRY": 43.397098541259766,
    "Alt\u0131n (Gram)": 7320.58733423203,
    "Bitcoin": 89137.1171875
}