{
    "USD/TRY": 43.49610137939453,
    "Alt\u0131n (Gram)": 7280.93146532762,
    "Bitcoin": 82303.078125
}