{
    "USD/TRY": 43.74290084838867,
    "Alt\u0131n (Gram)": 6956.729551606959,
    "Bitcoin": 67868.6796875
}