{
    "USD/TRY": 43.506099700927734,
    "Alt\u0131n (Gram)": 7102.725398193078,
    "Bitcoin": 76432.0625
}