{
    "USD/TRY": 44.05659866333008,
    "Alt\u0131n (Gram)": 7381.978680734106,
    "Bitcoin": 69906.0078125
}