{
    "USD/TRY": 44.59320068359375,
    "Alt\u0131n (Gram)": 6723.209636563081,
    "Bitcoin": 68828.328125
}