{
    "USD/TRY": 45.845298767089844,
    "Bitcoin": 73836.8984375
}