{
    "USD/TRY": 44.03340148925781,
    "Alt\u0131n (Gram)": 7285.36311681986,
    "Bitcoin": 67987.859375
}