{
    "USD/TRY": 44.860530853271484,
    "Alt\u0131n (Gram)": 6937.455701263068,
    "Bitcoin": 75032.0
}