{
    "USD/TRY": 45.21794128417969,
    "Alt\u0131n (Gram)": 6638.002794012392,
    "Bitcoin": 80987.1328125
}