{
    "USD/TRY": 44.4734001159668,
    "Alt\u0131n (Gram)": 6558.015967073857,
    "Bitcoin": 67466.0078125
}