{
    "USD/TRY": 45.4901008605957,
    "Alt\u0131n (Gram)": 6663.037684373674,
    "Bitcoin": 78471.5
}