{
    "USD/TRY": 45.024200439453125,
    "Alt\u0131n (Gram)": 6797.0206942450895,
    "Bitcoin": 77710.8125
}