{
    "USD/TRY": 45.5713996887207,
    "Alt\u0131n (Gram)": 6667.619939967084,
    "Bitcoin": 76875.96875
}