{
    "USD/TRY": 45.898101806640625,
    "Alt\u0131n (Gram)": 6672.626160554104,
    "Bitcoin": 76642.8125
}