{
    "USD/TRY": 45.5718994140625,
    "Alt\u0131n (Gram)": 6660.953848183405,
    "Bitcoin": 77068.7578125
}