{
    "USD/TRY": 44.820499420166016,
    "Alt\u0131n (Gram)": 7031.55957842828,
    "Bitcoin": 75407.2890625
}