{
    "USD/TRY": 43.41503143310547,
    "Alt\u0131n (Gram)": 7837.275869632107,
    "Bitcoin": 88075.921875
}