{
    "USD/TRY": 44.46329879760742,
    "Alt\u0131n (Gram)": 6514.3553818926175,
    "Bitcoin": 67344.125
}