{
    "USD/TRY": 43.590599060058594,
    "Alt\u0131n (Gram)": 7076.29885022061,
    "Bitcoin": 70517.09375
}