{
    "USD/TRY": 45.54029846191406,
    "Alt\u0131n (Gram)": 6681.182082739038,
    "Bitcoin": 80495.8203125
}