{
    "USD/TRY": 43.37710189819336,
    "Alt\u0131n (Gram)": 7082.4268082158005,
    "Bitcoin": 88394.875
}