{
    "USD/TRY": 45.04888916015625,
    "Alt\u0131n (Gram)": 6722.9708844664465,
    "Bitcoin": 76870.0
}