{
    "USD/TRY": 43.854801177978516,
    "Alt\u0131n (Gram)": 7354.535191988429,
    "Bitcoin": 68207.3046875
}