{
    "USD/TRY": 46.07979965209961,
    "Altin (Gram)": 4490.7998046875,
    "Bitcoin": 62404.96875
}