{
    "USD/TRY": 44.470699310302734,
    "Alt\u0131n (Gram)": 6797.103365254045,
    "Bitcoin": 69189.6796875
}