{
    "USD/TRY": 44.68000030517578,
    "Alt\u0131n (Gram)": 6848.486551511101,
    "Bitcoin": 71779.5234375
}