{
    "USD/TRY": 45.3978385925293,
    "Alt\u0131n (Gram)": 6879.406618914366,
    "Bitcoin": 80751.890625
}