{
    "USD/TRY": 44.20000076293945,
    "Alt\u0131n (Gram)": 7192.989615142453,
    "Bitcoin": 70733.15625
}