{
    "USD/TRY": 45.429901123046875,
    "Alt\u0131n (Gram)": 6870.696913065953,
    "Bitcoin": 79748.8203125
}