{
    "USD/TRY": 45.16699981689453,
    "Alt\u0131n (Gram)": 6723.316927078951,
    "Bitcoin": 78312.0390625
}