{
    "USD/TRY": 43.9640007019043,
    "Alt\u0131n (Gram)": 7524.913888258453,
    "Bitcoin": 67874.390625
}