{
    "USD/TRY": 43.605499267578125,
    "Alt\u0131n (Gram)": 6981.421921519651,
    "Bitcoin": 69275.9921875
}