{
    "USD/TRY": 45.96979904174805,
    "Altin (Gram)": 4493.2001953125,
    "Bitcoin": 62744.671875
}